"","SeedlotNumber","State","County","LatitudeDecimal","LongDecimal","Elevation_ft","Mortality_percent","leafOutDate_May","ht_age7_ft","ht_diam_Ratio_ft_in","ID2","Latitude","Longitude","Elevation","Tmax_wt","Tmax_sp","Tmax_sm","Tmax_at","Tmin_wt","Tmin_sp","Tmin_sm","Tmin_at","Tave_wt","Tave_sp","Tave_sm","Tave_at","PPT_wt","PPT_sp","PPT_sm","PPT_at","Rad_wt","Rad_sp","Rad_sm","Rad_at","DD_0_wt","DD_0_sp","DD_0_sm","DD_0_at","DD5_wt","DD5_sp","DD5_sm","DD5_at","DD_18_wt","DD_18_sp","DD_18_sm","DD_18_at","DD18_wt","DD18_sp","DD18_sm","DD18_at","NFFD_wt","NFFD_sp","NFFD_sm","NFFD_at","PAS_wt","PAS_sp","PAS_sm","PAS_at","Eref_wt","Eref_sp","Eref_sm","Eref_at","CMD_wt","CMD_sp","CMD_sm","CMD_at","RH_wt","RH_sp","RH_sm","RH_at","CMI_wt","CMI_sp","CMI_sm","CMI_at","MAT","MWMT","MCMT","TD","MAP","MSP","AHM","SHM","DD_0","DD5","DD_18","DD18","NFFD","bFFP","eFFP","FFP","PAS","EMT","EXT","MAR","Eref","CMD","RH","CMI","DD1040","daylength_diff","BudBurst_JD"
"1",1602,"Ill.","Rock Island",41.5,90.4,600,0,15,8.5,47,"Ill.",41.5,-90.4,182.88,1.6,15.5,29.2,17.8,-7.7,4.1,17.4,6.1,-3.1,9.8,23.3,12,115,236,289,193,-9999,-9999,-9999,-9999,373,35,0,18,26,566,1681,712,1890,791,15,624,0,40,496,75,2,56,92,61,53,2,0,1,0,258,442,187,0,33,153,21,63,63,66,63,10.66,7.09,-8.93,-0.55,10.5,24.4,-4.3,28.7,833,463,24.6,52.8,427,2985,3319,611,211,115,289,175,56,-30.3,40.5,-9999,886,207,64,8.27,1813,6.01395925897656,136
"2",1702,"Ind.","Putnam",39.8,87,700,38,17,7.8,53,"Ind.",39.8,-87,213.36,4.2,16.9,30.1,19.2,-5.4,4.5,16.7,6.2,-0.6,10.7,23.4,12.7,187,283,285,234,-9999,-9999,-9999,-9999,226,22,0,12,47,611,1694,758,1673,714,13,571,0,43,509,87,4,57,92,61,36,1,0,1,0,283,479,212,0,24,194,24,64,61,62,60,16.34,9.56,-13.43,0.58,11.6,24.4,-1.4,25.8,989,482,21.8,50.7,261,3110,2970,639,214,115,289,174,38,-27.7,40.5,-9999,973,242,62,13.05,1880,5.64590261995881,138
"3",1704,"Ind.","Jackson",39,86.1,800,16,16,8.5,50,"Ind.",39,-86.1,243.84,6.1,18.3,30.4,20.2,-4.2,5.4,16.9,6.8,1,11.8,23.7,13.5,247,307,288,230,-9999,-9999,-9999,-9999,157,14,0,9,69,684,1718,815,1530,622,12,516,0,55,532,103,6,60,92,62,25,0,0,0,80,302,487,224,23,37,200,46,63,60,61,59,21.03,9.75,-14.1,-1.76,12.5,24.6,0.3,24.4,1072,470,21,52.4,180,3285,2680,689,219,113,290,177,26,-26.2,40.4,-9999,1094,306,61,14.92,1990,5.48011088039781,137
"4",1708,"Ind.","Perry",38.2,86.6,800,62,13,6.9,53,"Ind.",38.2,-86.6,243.84,7.3,19.2,30.6,20.8,-3.4,5.8,17,7,2,12.5,23.8,13.9,285,331,300,234,-9999,-9999,-9999,-9999,124,10,0,7,89,733,1730,842,1441,565,11,484,0,60,544,108,7,61,92,62,19,0,0,0,89,318,494,234,26,42,195,52,62,59,61,58,23.71,10.49,-13.49,-2.47,13,24.7,1.1,23.6,1149,479,20.1,51.5,140,3394,2501,712,222,113,291,178,20,-25.3,40.3,-9999,1135,315,60,18.24,2045,5.3186803840673,134
"5",1803,"Iowa","Delaware",42.3,91.2,900,12,15,8.4,51,"Iowa",42.3,-91.2,274.32,-0.3,14.3,28.3,16.5,-10.3,2.3,15.5,4.1,-5.3,8.3,21.9,10.3,99,221,301,203,-9999,-9999,-9999,-9999,538,57,0,32,16,479,1553,598,2090,919,27,742,0,28,380,46,1,42,92,56,72,7,0,3,0,249,440,179,0,40,139,7,59,61,63,60,9.77,6.82,-7.41,1.44,8.8,23.1,-6.8,29.9,824,485,22.8,47.7,626,2646,3779,454,191,124,280,157,83,-33.2,40,-9999,868,186,61,10.62,1551,6.19523525819445,136
"6",1903,"Kan.","Leavenworth",39.1,94.9,900,16,16,8.4,54,"Kan.",39.1,-94.9,274.32,5.6,18.4,31.5,20.5,-5.1,6.1,19.1,7.7,0.2,12.3,25.3,14.1,103,262,328,222,-9999,-9999,-9999,-9999,190,14,0,8,58,727,1864,871,1596,597,6,484,0,69,677,129,4,61,92,62,14,0,0,0,55,296,485,222,23,34,157,14,61,62,65,61,7.05,5.66,-11.23,-2.54,13,26.5,-1.2,27.7,915,546,25.1,48.6,213,3521,2683,876,218,109,295,186,14,-27.2,42.5,-9999,1059,228,62,-1.05,2222,5.50059097473008,137
"7",2001,"Ky.","Logan",36.9,86.8,500,8,12,9.2,52,"Ky.",36.9,-86.8,152.4,9.2,20.5,31.7,22,-1.7,7.3,18.2,8,3.7,13.9,24.9,15,353,330,278,240,-9999,-9999,-9999,-9999,78,7,0,4,140,845,1830,937,1281,465,7,414,0,87,643,144,9,65,92,64,10,0,0,0,104,334,511,252,30,58,233,65,62,60,62,58,28.53,8.6,-17.5,-3.92,14.4,25.8,3,22.8,1200,461,20.3,55.9,90,3751,2167,874,230,107,295,188,10,-23.1,41,-9999,1201,386,60,15.71,2308,5.06501676543951,133
"8",2002,"Ky.","Menifee",38,83.5,1000,4,12,9.3,49,"Ky.",38,-83.5,304.8,8.4,19.6,30.2,21,-3.1,5.6,16.8,6.6,2.7,12.6,23.5,13.8,296,318,336,214,-9999,-9999,-9999,-9999,102,10,0,7,105,736,1698,835,1374,561,13,489,0,60,513,106,8,60,92,61,13,0,0,0,97,326,488,239,28,57,152,66,60,57,62,56,23.77,8.1,-8.92,-5.12,13.1,24.3,2.3,22.1,1164,516,19.9,47.2,118,3374,2437,678,221,113,289,176,14,-24.8,39.4,-9999,1149,303,59,17.84,2012,5.27897432085598,133
"9",2004,"Ky.","Laurel",37,84.3,1100,4,12,8.7,49,"Ky.",37,-84.3,335.28,9.5,20.4,30.4,21.5,-2.1,6.3,17,7.2,3.7,13.3,23.7,14.4,340,311,327,226,-9999,-9999,-9999,-9999,79,8,0,5,135,793,1721,878,1287,505,11,448,0,70,535,116,10,62,92,63,10,0,0,0,106,339,495,248,31,72,167,68,60,57,62,57,26.98,5.88,-10.48,-4.96,13.8,24.5,3.1,21.4,1203,499,19.8,49.2,92,3527,2251,722,226,111,292,181,10,-23.5,39.4,-9999,1187,338,59,17.43,2106,5.08416684063755,133
"10",2403,"Mich.","St. Joseph",42,85.8,800,20,17,8.3,50,"Mich.",42,-85.8,243.84,1.6,14.5,28.5,17.1,-6.7,2.7,15.4,5.4,-2.6,8.6,21.9,11.3,158,252,277,226,-9999,-9999,-9999,-9999,338,44,0,18,27,475,1557,646,1845,889,26,666,0,24,382,54,3,43,92,60,64,4,0,1,0,252,449,182,0,25,172,16,67,62,62,63,14.71,9.69,-10.68,3.16,9.8,23,-3.3,26.3,913,458,21.7,50.2,400,2706,3426,460,198,123,284,161,70,-28.9,39.3,-9999,882,213,63,16.89,1583,6.1266156018153,138
"11",2405,"Mich.","Washtenaw",42.5,83.8,800,12,16,8.5,50,"Mich.",42.5,-83.8,243.84,0.9,13.2,27.5,16,-7.2,2,14.9,5.3,-3.2,7.6,21.2,10.7,143,212,226,182,-9999,-9999,-9999,-9999,380,58,0,21,22,418,1491,603,1900,974,36,705,0,18,330,43,3,38,92,59,70,8,0,2,0,234,429,167,0,38,203,24,67,63,63,66,13.53,7.65,-13.08,0.81,9.1,22.4,-3.8,26.2,762,375,25,59.7,459,2535,3616,391,193,125,283,158,80,-29.4,38.3,-9999,830,265,65,8.91,1457,6.24142073499718,137
"12",2503,"Minn.","Brown",44.3,94.5,1000,8,15,7.7,48,"Minn.",44.3,-94.5,304.8,-2.7,13.3,28.5,15.5,-13.5,1,15.2,2.8,-8.1,7.2,21.9,9.2,61,188,285,149,-9999,-9999,-9999,-9999,759,94,0,57,8,444,1550,548,2342,1020,29,837,0,28,379,38,0,35,92,49,57,18,0,7,0,201,441,166,0,55,156,33,55,59,61,59,6.1,4.43,-10.31,-3.21,7.5,23.2,-9.9,33.1,683,448,25.7,51.9,911,2550,4228,445,176,127,276,149,82,-36.4,41,-9999,808,244,59,-3,1506,6.67393287621595,136
"13",2703,"Mo.","Cedar",37.9,93.9,900,20,14,8.5,50,"Mo.",37.9,-93.9,274.32,8,19.7,32,21.8,-3.6,6.8,18.9,8.1,2.2,13.2,25.5,14.9,142,292,301,242,-9999,-9999,-9999,-9999,118,9,0,5,95,795,1882,935,1419,518,6,425,0,79,694,149,6,62,92,63,8,0,0,0,95,319,505,242,28,25,204,24,59,60,63,59,8.9,6.28,-16.25,-3.31,14,26.4,0.9,25.5,978,525,24.5,50.3,133,3707,2369,923,222,108,296,188,8,-25.4,42.5,-9999,1161,281,60,-4.39,2328,5.2592164051824,135
"14",3102,"N.C","Graham",35.4,83.7,2900,0,12,9.9,45,"N.C",35.4,-83.7,883.92,10.1,19.1,28,20.4,-2.7,4.4,14.2,5.5,3.7,11.7,21.1,12.9,457,377,373,263,-9999,-9999,-9999,-9999,78,11,0,7,134,655,1479,757,1284,618,36,531,0,33,318,67,9,56,92,59,12,0,0,0,119,334,475,250,35,43,103,37,56,55,60,54,37.6,13.13,-3.32,-0.7,12.4,21.7,3.5,18.2,1470,561,15.2,38.7,96,3025,2468,418,216,118,286,168,13,-24.9,36.2,-9999,1179,218,56,46.71,1656,4.78454638990703,133
"15",3502,"Pa.","Union",41,77.2,600,38,18,7.8,50,"Pa.",41,-77.2,182.88,2.5,15.6,28.4,17.4,-7.4,1.6,13,3.8,-2.4,8.6,20.7,10.6,211,301,324,253,-9999,-9999,-9999,-9999,328,45,0,19,29,478,1446,590,1833,888,44,706,0,24,295,37,3,36,92,49,82,7,0,2,0,279,475,195,0,30,151,19,62,55,56,57,19.9,12.15,-7.85,4.81,9.4,21.8,-2.8,24.6,1089,517,17.8,42.2,392,2542,3470,356,180,131,276,145,91,-30,38.4,-9999,950,200,58,29,1428,5.90336762870884,139
"16",3803,"Tenn.","Union",36.3,83.7,1300,4,11,8.8,45,"Tenn.",36.3,-83.7,396.24,10.1,20.8,30.6,21.8,-1.6,6.4,17.2,7.3,4.3,13.6,23.9,14.5,351,317,306,212,-9999,-9999,-9999,-9999,68,7,0,5,157,816,1738,896,1235,481,10,442,0,73,552,127,11,63,92,62,7,0,0,0,112,348,500,256,32,77,194,82,60,56,62,56,27.22,5.43,-13.38,-7.13,14.1,24.7,3.9,20.7,1186,466,20.3,53,80,3606,2168,753,227,110,293,183,7,-23,39.3,-9999,1216,385,59,12.14,2158,4.95132824713627,132
"17",3804,"Tenn.","Johnson",36.4,82,2000,4,15,8.4,45,"Tenn.",36.4,-82,609.6,9,18.6,28,20,-3.2,4.4,14.6,5.5,2.9,11.5,21.3,12.8,319,316,363,239,-9999,-9999,-9999,-9999,96,12,0,8,111,642,1502,744,1354,638,32,548,0,34,334,67,8,56,92,60,12,0,0,0,107,323,468,240,31,51,105,48,58,56,61,56,25.34,8.79,-2.77,-1.41,12.1,22,2.6,19.4,1238,540,17.9,40.7,116,2999,2572,435,216,117,286,168,13,-25.3,36.6,-9999,1138,235,58,29.94,1667,4.97013410803317,136
"18",4101,"Va.","Rockbridge",37.8,79.5,1000,8,14,9.4,46,"Va.",37.8,-79.5,304.8,9.5,20.1,30.2,21.3,-3.1,5.1,16.2,6.4,3.2,12.6,23.2,13.9,225,265,313,219,-9999,-9999,-9999,-9999,89,10,0,6,120,734,1673,834,1328,560,15,479,0,59,488,98,8,58,92,61,7,0,0,0,105,340,497,242,30,94,184,49,57,54,60,55,15.66,1.31,-12.11,-5.26,13.2,24.1,2.9,21.1,1022,484,22.7,49.8,104,3362,2381,645,219,115,289,174,8,-25,39.1,-9999,1184,357,56,-0.4,1981,5.23952128302812,135
"19",4103,"Va.","Halifax",36.9,78.7,400,16,14,9.3,47,"Va.",36.9,-78.7,121.92,10.8,21.2,31.1,22.2,-1.6,6.9,18.1,8.3,4.6,14,24.6,15.2,258,286,330,254,-9999,-9999,-9999,-9999,62,6,0,3,172,853,1802,948,1201,455,8,388,0,87,615,136,11,63,92,66,4,0,0,0,115,349,497,248,34,81,167,24,58,57,63,58,17.3,2.46,-10.08,-2.21,14.6,25.5,4.4,21.1,1128,522,21.8,48.8,71,3774,2052,838,232,107,296,189,5,-22.9,39.8,-9999,1209,306,59,7.47,2287,5.06501676543951,135
"20",4202,"W. Va.","Greenbrier",37.9,80.2,1900,0,16,10.7,51,"W. Va.",37.9,-80.2,579.12,7.3,18.4,28.6,19.5,-5.2,2.8,13.7,4.2,1.1,10.6,21.2,11.9,227,268,303,207,-9999,-9999,-9999,-9999,151,19,0,12,70,584,1485,678,1519,715,35,614,0,30,322,55,5,43,92,53,21,1,0,1,93,323,484,231,27,84,181,49,55,52,57,53,18.14,3.65,-11.32,-4.12,11.2,22,0.9,21.1,1006,471,21.1,46.6,181,2817,2884,408,194,125,279,154,22,-27.8,37.5,-9999,1131,341,54,6.36,1576,5.2592164051824,137
